{
    "Header": {

        "title": "Harindu Accountancy Service",
        "paragraph": "We provide you the best accountancy services for your financial management."

    },
    "About": {
        "paragraph": "Haridu Accountancy Service was started on 27 of march 1997 under the guidence of director Mr.Upul laxman.Since then we have provide our service to more than 1000 of customers as incometax counsellers.We are providing all kind of services in accountancy stram to make the customer free.Special feature is we have well trained and well experienced staff dedicated for smooth customer service in 24x7.",
        "Why": [
            "For best customer service",
            "For reliable customer service",
            "For well planded documents",
            "For specialist's advisors"
        ],
        "Why2": [
            "For accounting",
            "For auditing",
            "For book keeping",
            "For Tax palnning"
        ]
    },
    "Services": [{
            "icon": "fa fa-book",
            "name": "Accounting",
            "text": "All kind of Accounting services."
        },
        {
            "icon": "fa fa-book",
            "name": "Auditing",
            "text": "All kind of Auditing services."
        },
        {
            "icon": "fa fa-book",
            "name": "Book keeping",
            "text": "All kind of book keepings."
        },
        {
            "icon": "fa fa-book",
            "name": "Tax Planing",
            "text": "All kindof Tax planings"
        },
        {
            "icon": "fa fa-book",
            "name": "Accounting Consultations",
            "text": "All kind of accounting consultations."
        },
        {
            "icon": "fa fa-book",
            "name": "Business Analysis",
            "text": "All kind of business analysis."
        }


    ],
    "Testimonials": [{
            "icon": "fa fa-person", 
            "text": "\"A testimonial is a third party statement that comments on how good someone or something is. \"",
            "name": "Chandana Mendis"
        },
        {
            "img": "img/testimonials/02.jpg",
            "text": "\"A testimonial is a third party statement that comments on how good someone or something is. \"",
            "name": "Prasad nanayakkara"
        },
        {
            "img": "img/testimonials/03.jpg",
            "text": "\"A testimonial is a third party statement that comments on how good someone or something is. \"",
            "name": "Mahinda Pera"
        },
        {
            "img": "img/testimonials/04.jpg",
            "text": "\"A testimonial is a third party statement that comments on how good someone or something is. \"",
            "name": "Namal Udaya Kumara"
        },
        {
            "img": "img/testimonials/05.jpg",
            "text": "\"A testimonial is a third party statement that comments on how good someone or something is. \"",
            "name": "Malika Jinadasa"
        },
        {
            "img": "img/testimonials/06.jpg",
            "text": "\"A testimonial is a third party statement that comments on how good someone or something is. \"",
            "name": "Sewuwandi Godagedara"
        }
    ],
    "Team": [{
            "img": "img/team/01.jpg",
            "name": "John Doe",
            "job": "Director"
        },
        {
            "img": "img/team/02.jpg",
            "name": "Mike Doe",
            "job": "Senior Designer"
        }, {
            "img": "img/team/03.jpg",
            "name": "Jane Doe",
            "job": "Senior Designer"
        },
        {
            "img": "img/team/04.jpg",
            "name": "Karen Doe",
            "job": "Project Manager"
        }
    ],
    "Contact": {
        "address": "No 21 ,Bandaranayaka rd,Ratnapura ",
        "phone": "045 22 67432",
        "email": "harindu@accountancy.com",
        "facebook": "Haridu Accountancy Service.com",
        "twitter": "Haridu Accountancy Service.com",
        "youtube": "Haridu Accountancy Service"
    },
    "Features": [{
            "icon": "fa fa-comments-o",
            "title": "Rechable",
            "text": "You can adgest any time slot to reach us as your preferences. "
        },
        {
            "icon": "fa fa-bullhorn",
            "title": "Taxation",
            "text": "We provide you a most realible taxation service to your business."
        },
        {
            "icon": "fa fa-group",
            "title": "Customer Service",
            "text": "Our staff has specially trained  to supply a coutomer friendly service."
        },
        {
            "icon": "fa fa-magic",
            "title": "Clear Documantary",
            "text": "We are dedicated to supply clear and full documantry to the customer."
        }
    ]
}